{
  "threshold": 0.3,
  "roc_auc": 0.8371334831692887,
  "accuracy": 0.7615330021291696,
  "precision": 0.5368217054263565,
  "recall": 0.7406417112299465,
  "f1": 0.6224719101123596
}