{
  "roc_auc": 0.8371334831692887,
  "accuracy": 0.7920511000709723,
  "f1": 0.5843971631205673,
  "train_samples": 5634,
  "test_samples": 1409,
  "model": "LogisticRegression"
}